ENTE,REGIONE,COALIZIONE,LISTA,VOTI_LISTA
PIEMONTE 1,PIEMONTE,ITALIA. BENE COMUNE,PARTITO DEMOCRATICO,358768
PIEMONTE 1,PIEMONTE,ITALIA. BENE COMUNE,SINISTRA ECOLOGIA LIBERTA',49562
PIEMONTE 1,PIEMONTE,ITALIA. BENE COMUNE,CENTRO DEMOCRATICO,3787
PIEMONTE 1,PIEMONTE,COALIZIONE DI CENTRO-DESTRA,IL POPOLO DELLA LIBERTA',237410
PIEMONTE 1,PIEMONTE,COALIZIONE DI CENTRO-DESTRA,LEGA NORD,43966
PIEMONTE 1,PIEMONTE,COALIZIONE DI CENTRO-DESTRA,FRATELLI D'ITALIA,26839
PIEMONTE 1,PIEMONTE,COALIZIONE DI CENTRO-DESTRA,PARTITO PENSIONATI,12340
PIEMONTE 1,PIEMONTE,COALIZIONE DI CENTRO-DESTRA,LA DESTRA,4916
PIEMONTE 1,PIEMONTE,COALIZIONE DI CENTRO-DESTRA,MIR - MODERATI IN RIVOLUZIONE,1234
PIEMONTE 1,PIEMONTE,NO COALIZIONE,MOVIMENTO 5 STELLE BEPPEGRILLO.IT,393079
PIEMONTE 1,PIEMONTE,CON MONTI PER L'ITALIA,SCELTA CIVICA CON MONTI PER L'ITALIA,139753
PIEMONTE 1,PIEMONTE,CON MONTI PER L'ITALIA,UNIONE DI CENTRO,13976
PIEMONTE 1,PIEMONTE,CON MONTI PER L'ITALIA,FUTURO E LIBERTA',5227
PIEMONTE 1,PIEMONTE,NO COALIZIONE,RIVOLUZIONE CIVILE,34038
PIEMONTE 1,PIEMONTE,NO COALIZIONE,FARE PER FERMARE IL DECLINO,15539
PIEMONTE 1,PIEMONTE,NO COALIZIONE,FORZA NUOVA,3397
PIEMONTE 1,PIEMONTE,NO COALIZIONE,CASAPOUND ITALIA,2559
PIEMONTE 1,PIEMONTE,NO COALIZIONE,FIAMMA TRICOLORE,2306
PIEMONTE 2,PIEMONTE,ITALIA. BENE COMUNE,PARTITO DEMOCRATICO,285095
PIEMONTE 2,PIEMONTE,ITALIA. BENE COMUNE,SINISTRA ECOLOGIA LIBERTA',26624
PIEMONTE 2,PIEMONTE,ITALIA. BENE COMUNE,CENTRO DEMOCRATICO,2790
PIEMONTE 2,PIEMONTE,COALIZIONE DI CENTRO-DESTRA,IL POPOLO DELLA LIBERTA',269174
PIEMONTE 2,PIEMONTE,COALIZIONE DI CENTRO-DESTRA,LEGA NORD,78400
PIEMONTE 2,PIEMONTE,COALIZIONE DI CENTRO-DESTRA,FRATELLI D'ITALIA,39091
PIEMONTE 2,PIEMONTE,COALIZIONE DI CENTRO-DESTRA,LA DESTRA,5485
PIEMONTE 2,PIEMONTE,COALIZIONE DI CENTRO-DESTRA,MIR - MODERATI IN RIVOLUZIONE,2388
PIEMONTE 2,PIEMONTE,NO COALIZIONE,MOVIMENTO 5 STELLE BEPPEGRILLO.IT,313573
PIEMONTE 2,PIEMONTE,CON MONTI PER L'ITALIA,SCELTA CIVICA CON MONTI PER L'ITALIA,130870
PIEMONTE 2,PIEMONTE,CON MONTI PER L'ITALIA,UNIONE DI CENTRO,16763
PIEMONTE 2,PIEMONTE,CON MONTI PER L'ITALIA,FUTURO E LIBERTA',3413
PIEMONTE 2,PIEMONTE,NO COALIZIONE,RIVOLUZIONE CIVILE,19576
PIEMONTE 2,PIEMONTE,NO COALIZIONE,FARE PER FERMARE IL DECLINO,17236
PIEMONTE 2,PIEMONTE,NO COALIZIONE,FORZA NUOVA,4654
PIEMONTE 2,PIEMONTE,NO COALIZIONE,MOVIMENTO P.P.A.,1526
LOMBARDIA 1,LOMBARDIA,ITALIA. BENE COMUNE,PARTITO DEMOCRATICO,638627
LOMBARDIA 1,LOMBARDIA,ITALIA. BENE COMUNE,SINISTRA ECOLOGIA LIBERTA',68974
LOMBARDIA 1,LOMBARDIA,ITALIA. BENE COMUNE,CENTRO DEMOCRATICO,4373
LOMBARDIA 1,LOMBARDIA,COALIZIONE DI CENTRO-DESTRA,IL POPOLO DELLA LIBERTA',476981
LOMBARDIA 1,LOMBARDIA,COALIZIONE DI CENTRO-DESTRA,LEGA NORD,200214
LOMBARDIA 1,LOMBARDIA,COALIZIONE DI CENTRO-DESTRA,FRATELLI D'ITALIA,35074
LOMBARDIA 1,LOMBARDIA,COALIZIONE DI CENTRO-DESTRA,LA DESTRA,7225
LOMBARDIA 1,LOMBARDIA,COALIZIONE DI CENTRO-DESTRA,MIR - MODERATI IN RIVOLUZIONE,2808
LOMBARDIA 1,LOMBARDIA,COALIZIONE DI CENTRO-DESTRA,INTESA POPOLARE,1701
LOMBARDIA 1,LOMBARDIA,NO COALIZIONE,MOVIMENTO 5 STELLE BEPPEGRILLO.IT,472154
LOMBARDIA 1,LOMBARDIA,CON MONTI PER L'ITALIA,SCELTA CIVICA CON MONTI PER L'ITALIA,258452
LOMBARDIA 1,LOMBARDIA,CON MONTI PER L'ITALIA,UNIONE DI CENTRO,20414
LOMBARDIA 1,LOMBARDIA,CON MONTI PER L'ITALIA,FUTURO E LIBERTA',6075
LOMBARDIA 1,LOMBARDIA,NO COALIZIONE,RIVOLUZIONE CIVILE,40686
LOMBARDIA 1,LOMBARDIA,NO COALIZIONE,FARE PER FERMARE IL DECLINO,48333
LOMBARDIA 1,LOMBARDIA,NO COALIZIONE,PARTITO COMUNISTA DEI LAVORATORI,8878
LOMBARDIA 1,LOMBARDIA,NO COALIZIONE,FORZA NUOVA,8059
LOMBARDIA 1,LOMBARDIA,NO COALIZIONE,IO AMO L'ITALIA,4194
LOMBARDIA 1,LOMBARDIA,NO COALIZIONE,RIFORMISTI ITALIANI,1286
LOMBARDIA 1,LOMBARDIA,NO COALIZIONE,I PIRATI,4577
LOMBARDIA 2,LOMBARDIA,ITALIA. BENE COMUNE,PARTITO DEMOCRATICO,580837
LOMBARDIA 2,LOMBARDIA,ITALIA. BENE COMUNE,SINISTRA ECOLOGIA LIBERTA',47076
LOMBARDIA 2,LOMBARDIA,ITALIA. BENE COMUNE,CENTRO DEMOCRATICO,5037
LOMBARDIA 2,LOMBARDIA,COALIZIONE DI CENTRO-DESTRA,IL POPOLO DELLA LIBERTA',518705
LOMBARDIA 2,LOMBARDIA,COALIZIONE DI CENTRO-DESTRA,LEGA NORD,442669
LOMBARDIA 2,LOMBARDIA,COALIZIONE DI CENTRO-DESTRA,FRATELLI D'ITALIA,37335
LOMBARDIA 2,LOMBARDIA,COALIZIONE DI CENTRO-DESTRA,LA DESTRA,9189
LOMBARDIA 2,LOMBARDIA,COALIZIONE DI CENTRO-DESTRA,MIR - MODERATI IN RIVOLUZIONE,3363
LOMBARDIA 2,LOMBARDIA,NO COALIZIONE,MOVIMENTO 5 STELLE BEPPEGRILLO.IT,462797
LOMBARDIA 2,LOMBARDIA,CON MONTI PER L'ITALIA,SCELTA CIVICA CON MONTI PER L'ITALIA,274783
LOMBARDIA 2,LOMBARDIA,CON MONTI PER L'ITALIA,UNIONE DI CENTRO,31985
LOMBARDIA 2,LOMBARDIA,CON MONTI PER L'ITALIA,FUTURO E LIBERTA',6435
LOMBARDIA 2,LOMBARDIA,NO COALIZIONE,RIVOLUZIONE CIVILE,34212
LOMBARDIA 2,LOMBARDIA,NO COALIZIONE,FARE PER FERMARE IL DECLINO,49761
LOMBARDIA 2,LOMBARDIA,NO COALIZIONE,FIAMMA TRICOLORE,11135
LOMBARDIA 2,LOMBARDIA,NO COALIZIONE,IO AMO L'ITALIA,5918
LOMBARDIA 3,LOMBARDIA,ITALIA. BENE COMUNE,PARTITO DEMOCRATICO,248016
LOMBARDIA 3,LOMBARDIA,ITALIA. BENE COMUNE,SINISTRA ECOLOGIA LIBERTA',19056
LOMBARDIA 3,LOMBARDIA,ITALIA. BENE COMUNE,CENTRO DEMOCRATICO,2901
LOMBARDIA 3,LOMBARDIA,COALIZIONE DI CENTRO-DESTRA,IL POPOLO DELLA LIBERTA',196392
LOMBARDIA 3,LOMBARDIA,COALIZIONE DI CENTRO-DESTRA,LEGA NORD,98120
LOMBARDIA 3,LOMBARDIA,COALIZIONE DI CENTRO-DESTRA,FRATELLI D'ITALIA,17493
LOMBARDIA 3,LOMBARDIA,COALIZIONE DI CENTRO-DESTRA,GRANDE SUD - MPA,715
LOMBARDIA 3,LOMBARDIA,NO COALIZIONE,MOVIMENTO 5 STELLE BEPPEGRILLO.IT,191195
LOMBARDIA 3,LOMBARDIA,CON MONTI PER L'ITALIA,SCELTA CIVICA CON MONTI PER L'ITALIA,78271
LOMBARDIA 3,LOMBARDIA,CON MONTI PER L'ITALIA,UNIONE DI CENTRO,11764
LOMBARDIA 3,LOMBARDIA,CON MONTI PER L'ITALIA,FUTURO E LIBERTA',3044
LOMBARDIA 3,LOMBARDIA,NO COALIZIONE,RIVOLUZIONE CIVILE,14665
LOMBARDIA 3,LOMBARDIA,NO COALIZIONE,FARE PER FERMARE IL DECLINO,15125
LOMBARDIA 3,LOMBARDIA,NO COALIZIONE,FORZA NUOVA,5069
TRENTINO-ALTO ADIGE,TRENTINO-ALTO ADIGE,ITALIA. BENE COMUNE,SVP,146800
TRENTINO-ALTO ADIGE,TRENTINO-ALTO ADIGE,ITALIA. BENE COMUNE,PARTITO DEMOCRATICO,101216
TRENTINO-ALTO ADIGE,TRENTINO-ALTO ADIGE,ITALIA. BENE COMUNE,SINISTRA ECOLOGIA LIBERTA',23061
TRENTINO-ALTO ADIGE,TRENTINO-ALTO ADIGE,COALIZIONE DI CENTRO-DESTRA,IL POPOLO DELLA LIBERTA',66128
TRENTINO-ALTO ADIGE,TRENTINO-ALTO ADIGE,COALIZIONE DI CENTRO-DESTRA,LEGA NORD,25350
TRENTINO-ALTO ADIGE,TRENTINO-ALTO ADIGE,COALIZIONE DI CENTRO-DESTRA,LA DESTRA,3130
TRENTINO-ALTO ADIGE,TRENTINO-ALTO ADIGE,COALIZIONE DI CENTRO-DESTRA,MIR - MODERATI IN RIVOLUZIONE,1638
TRENTINO-ALTO ADIGE,TRENTINO-ALTO ADIGE,NO COALIZIONE,MOVIMENTO 5 STELLE BEPPEGRILLO.IT,88632
TRENTINO-ALTO ADIGE,TRENTINO-ALTO ADIGE,CON MONTI PER L'ITALIA,SCELTA CIVICA CON MONTI PER L'ITALIA,79549
TRENTINO-ALTO ADIGE,TRENTINO-ALTO ADIGE,CON MONTI PER L'ITALIA,UNIONE DI CENTRO,4803
TRENTINO-ALTO ADIGE,TRENTINO-ALTO ADIGE,NO COALIZIONE,RIVOLUZIONE CIVILE,8755
TRENTINO-ALTO ADIGE,TRENTINO-ALTO ADIGE,NO COALIZIONE,FARE PER FERMARE IL DECLINO,6308
TRENTINO-ALTO ADIGE,TRENTINO-ALTO ADIGE,NO COALIZIONE,DIE FREIHEITLICHEN,48317
TRENTINO-ALTO ADIGE,TRENTINO-ALTO ADIGE,NO COALIZIONE,CASAPOUND ITALIA,2656
VENETO 1,VENETO,ITALIA. BENE COMUNE,PARTITO DEMOCRATICO,363768
VENETO 1,VENETO,ITALIA. BENE COMUNE,SINISTRA ECOLOGIA LIBERTA',29962
VENETO 1,VENETO,ITALIA. BENE COMUNE,CENTRO DEMOCRATICO,3388
VENETO 1,VENETO,COALIZIONE DI CENTRO-DESTRA,IL POPOLO DELLA LIBERTA',344649
VENETO 1,VENETO,COALIZIONE DI CENTRO-DESTRA,LEGA NORD,194033
VENETO 1,VENETO,COALIZIONE DI CENTRO-DESTRA,FRATELLI D'ITALIA,29948
VENETO 1,VENETO,COALIZIONE DI CENTRO-DESTRA,PARTITO PENSIONATI,14476
VENETO 1,VENETO,COALIZIONE DI CENTRO-DESTRA,LA DESTRA,6371
VENETO 1,VENETO,COALIZIONE DI CENTRO-DESTRA,MIR - MODERATI IN RIVOLUZIONE,3172
VENETO 1,VENETO,NO COALIZIONE,MOVIMENTO 5 STELLE BEPPEGRILLO.IT,458082
VENETO 1,VENETO,CON MONTI PER L'ITALIA,SCELTA CIVICA CON MONTI PER L'ITALIA,178631
VENETO 1,VENETO,CON MONTI PER L'ITALIA,UNIONE DI CENTRO,29683
VENETO 1,VENETO,CON MONTI PER L'ITALIA,FUTURO E LIBERTA',4735
VENETO 1,VENETO,NO COALIZIONE,RIVOLUZIONE CIVILE,23169
VENETO 1,VENETO,NO COALIZIONE,FARE PER FERMARE IL DECLINO,42245
VENETO 1,VENETO,NO COALIZIONE,FORZA NUOVA,7787
VENETO 1,VENETO,NO COALIZIONE,CASAPOUND ITALIA,3182
VENETO 1,VENETO,NO COALIZIONE,IO AMO L'ITALIA,6030
VENETO 1,VENETO,NO COALIZIONE,INDIPENDENZA VENETA,17243
VENETO 1,VENETO,NO COALIZIONE,LG.VENETA REPUBBLICA,15838
VENETO 1,VENETO,NO COALIZIONE,VENETO STATO,6853
VENETO 1,VENETO,NO COALIZIONE,RIFORMISTI ITALIANI,952
VENETO 1,VENETO,NO COALIZIONE,PROGETTO NAZIONALE,2870
VENETO 2,VENETO,ITALIA. BENE COMUNE,PARTITO DEMOCRATICO,264398
VENETO 2,VENETO,ITALIA. BENE COMUNE,SINISTRA ECOLOGIA LIBERTA',23083
VENETO 2,VENETO,ITALIA. BENE COMUNE,CENTRO DEMOCRATICO,2252
VENETO 2,VENETO,COALIZIONE DI CENTRO-DESTRA,IL POPOLO DELLA LIBERTA',204791
VENETO 2,VENETO,COALIZIONE DI CENTRO-DESTRA,LEGA NORD,115977
VENETO 2,VENETO,COALIZIONE DI CENTRO-DESTRA,FRATELLI D'ITALIA,14491
VENETO 2,VENETO,COALIZIONE DI CENTRO-DESTRA,LA DESTRA,3711
VENETO 2,VENETO,COALIZIONE DI CENTRO-DESTRA,MIR - MODERATI IN RIVOLUZIONE,3521
VENETO 2,VENETO,NO COALIZIONE,MOVIMENTO 5 STELLE BEPPEGRILLO.IT,317636
VENETO 2,VENETO,CON MONTI PER L'ITALIA,SCELTA CIVICA CON MONTI PER L'ITALIA,118225
VENETO 2,VENETO,CON MONTI PER L'ITALIA,UNIONE DI CENTRO,14928
VENETO 2,VENETO,CON MONTI PER L'ITALIA,FUTURO E LIBERTA',3070
VENETO 2,VENETO,NO COALIZIONE,RIVOLUZIONE CIVILE,16418
VENETO 2,VENETO,NO COALIZIONE,FARE PER FERMARE IL DECLINO,24814
VENETO 2,VENETO,NO COALIZIONE,PARTITO COMUNISTA DEI LAVORATORI,4658
VENETO 2,VENETO,NO COALIZIONE,FORZA NUOVA,4478
VENETO 2,VENETO,NO COALIZIONE,INDIPENDENZA VENETA,15974
VENETO 2,VENETO,NO COALIZIONE,VENETO STATO,4545
FRIULI-VENEZIA GIULIA,FRIULI-VENEZIA GIULIA,ITALIA. BENE COMUNE,PARTITO DEMOCRATICO,178001
FRIULI-VENEZIA GIULIA,FRIULI-VENEZIA GIULIA,ITALIA. BENE COMUNE,SINISTRA ECOLOGIA LIBERTA',17880
FRIULI-VENEZIA GIULIA,FRIULI-VENEZIA GIULIA,ITALIA. BENE COMUNE,CENTRO DEMOCRATICO,2346
FRIULI-VENEZIA GIULIA,FRIULI-VENEZIA GIULIA,COALIZIONE DI CENTRO-DESTRA,IL POPOLO DELLA LIBERTA',134118
FRIULI-VENEZIA GIULIA,FRIULI-VENEZIA GIULIA,COALIZIONE DI CENTRO-DESTRA,LEGA NORD,48310
FRIULI-VENEZIA GIULIA,FRIULI-VENEZIA GIULIA,COALIZIONE DI CENTRO-DESTRA,FRATELLI D'ITALIA,12920
FRIULI-VENEZIA GIULIA,FRIULI-VENEZIA GIULIA,COALIZIONE DI CENTRO-DESTRA,LA DESTRA,4813
FRIULI-VENEZIA GIULIA,FRIULI-VENEZIA GIULIA,COALIZIONE DI CENTRO-DESTRA,MIR - MODERATI IN RIVOLUZIONE,1096
FRIULI-VENEZIA GIULIA,FRIULI-VENEZIA GIULIA,COALIZIONE DI CENTRO-DESTRA,GRANDE SUD - MPA,398
FRIULI-VENEZIA GIULIA,FRIULI-VENEZIA GIULIA,NO COALIZIONE,MOVIMENTO 5 STELLE BEPPEGRILLO.IT,196037
FRIULI-VENEZIA GIULIA,FRIULI-VENEZIA GIULIA,CON MONTI PER L'ITALIA,SCELTA CIVICA CON MONTI PER L'ITALIA,77557
FRIULI-VENEZIA GIULIA,FRIULI-VENEZIA GIULIA,CON MONTI PER L'ITALIA,UNIONE DI CENTRO,11633
FRIULI-VENEZIA GIULIA,FRIULI-VENEZIA GIULIA,CON MONTI PER L'ITALIA,FUTURO E LIBERTA',3842
FRIULI-VENEZIA GIULIA,FRIULI-VENEZIA GIULIA,NO COALIZIONE,RIVOLUZIONE CIVILE,15127
FRIULI-VENEZIA GIULIA,FRIULI-VENEZIA GIULIA,NO COALIZIONE,FARE PER FERMARE IL DECLINO,12503
FRIULI-VENEZIA GIULIA,FRIULI-VENEZIA GIULIA,NO COALIZIONE,FORZA NUOVA,4142
LIGURIA,LIGURIA,ITALIA. BENE COMUNE,PARTITO DEMOCRATICO,258766
LIGURIA,LIGURIA,ITALIA. BENE COMUNE,SINISTRA ECOLOGIA LIBERTA',29386
LIGURIA,LIGURIA,ITALIA. BENE COMUNE,CENTRO DEMOCRATICO,2353
LIGURIA,LIGURIA,COALIZIONE DI CENTRO-DESTRA,IL POPOLO DELLA LIBERTA',174568
LIGURIA,LIGURIA,COALIZIONE DI CENTRO-DESTRA,LEGA NORD,21862
LIGURIA,LIGURIA,COALIZIONE DI CENTRO-DESTRA,FRATELLI D'ITALIA,13411
LIGURIA,LIGURIA,COALIZIONE DI CENTRO-DESTRA,LA DESTRA,5346
LIGURIA,LIGURIA,NO COALIZIONE,MOVIMENTO 5 STELLE BEPPEGRILLO.IT,300080
LIGURIA,LIGURIA,CON MONTI PER L'ITALIA,SCELTA CIVICA CON MONTI PER L'ITALIA,78409
LIGURIA,LIGURIA,CON MONTI PER L'ITALIA,UNIONE DI CENTRO,10556
LIGURIA,LIGURIA,CON MONTI PER L'ITALIA,FUTURO E LIBERTA',3619
LIGURIA,LIGURIA,NO COALIZIONE,RIVOLUZIONE CIVILE,19509
LIGURIA,LIGURIA,NO COALIZIONE,FARE PER FERMARE IL DECLINO,10501
LIGURIA,LIGURIA,NO COALIZIONE,PARTITO COMUNISTA DEI LAVORATORI,6046
EMILIA ROMAGNA,EMILIA ROMAGNA,ITALIA. BENE COMUNE,PARTITO DEMOCRATICO,989810
EMILIA ROMAGNA,EMILIA ROMAGNA,ITALIA. BENE COMUNE,SINISTRA ECOLOGIA LIBERTA',77312
EMILIA ROMAGNA,EMILIA ROMAGNA,ITALIA. BENE COMUNE,CENTRO DEMOCRATICO,6062
EMILIA ROMAGNA,EMILIA ROMAGNA,COALIZIONE DI CENTRO-DESTRA,IL POPOLO DELLA LIBERTA',434534
EMILIA ROMAGNA,EMILIA ROMAGNA,COALIZIONE DI CENTRO-DESTRA,LEGA NORD,69108
EMILIA ROMAGNA,EMILIA ROMAGNA,COALIZIONE DI CENTRO-DESTRA,FRATELLI D'ITALIA,35990
EMILIA ROMAGNA,EMILIA ROMAGNA,COALIZIONE DI CENTRO-DESTRA,LA DESTRA,8659
EMILIA ROMAGNA,EMILIA ROMAGNA,COALIZIONE DI CENTRO-DESTRA,MIR - MODERATI IN RIVOLUZIONE,6280
EMILIA ROMAGNA,EMILIA ROMAGNA,COALIZIONE DI CENTRO-DESTRA,INTESA POPOLARE,1299
EMILIA ROMAGNA,EMILIA ROMAGNA,COALIZIONE DI CENTRO-DESTRA,GRANDE SUD - MPA,1170
EMILIA ROMAGNA,EMILIA ROMAGNA,NO COALIZIONE,MOVIMENTO 5 STELLE BEPPEGRILLO.IT,658475
EMILIA ROMAGNA,EMILIA ROMAGNA,CON MONTI PER L'ITALIA,SCELTA CIVICA CON MONTI PER L'ITALIA,211777
EMILIA ROMAGNA,EMILIA ROMAGNA,CON MONTI PER L'ITALIA,UNIONE DI CENTRO,29568
EMILIA ROMAGNA,EMILIA ROMAGNA,CON MONTI PER L'ITALIA,FUTURO E LIBERTA',7190
EMILIA ROMAGNA,EMILIA ROMAGNA,NO COALIZIONE,RIVOLUZIONE CIVILE,51630
EMILIA ROMAGNA,EMILIA ROMAGNA,NO COALIZIONE,FARE PER FERMARE IL DECLINO,35680
EMILIA ROMAGNA,EMILIA ROMAGNA,NO COALIZIONE,PARTITO COMUNISTA DEI LAVORATORI,14159
EMILIA ROMAGNA,EMILIA ROMAGNA,NO COALIZIONE,FORZA NUOVA,7091
EMILIA ROMAGNA,EMILIA ROMAGNA,NO COALIZIONE,LISTA AMNISTIA GIUSTIZIA LIBERTA',6264
EMILIA ROMAGNA,EMILIA ROMAGNA,NO COALIZIONE,CASAPOUND ITALIA,2817
EMILIA ROMAGNA,EMILIA ROMAGNA,NO COALIZIONE,FIAMMA TRICOLORE,4222
EMILIA ROMAGNA,EMILIA ROMAGNA,NO COALIZIONE,IO AMO L'ITALIA,6900
EMILIA ROMAGNA,EMILIA ROMAGNA,NO COALIZIONE,PRI,5580
TOSCANA,TOSCANA,ITALIA. BENE COMUNE,PARTITO DEMOCRATICO,831464
TOSCANA,TOSCANA,ITALIA. BENE COMUNE,SINISTRA ECOLOGIA LIBERTA',84033
TOSCANA,TOSCANA,ITALIA. BENE COMUNE,CENTRO DEMOCRATICO,6882
TOSCANA,TOSCANA,COALIZIONE DI CENTRO-DESTRA,IL POPOLO DELLA LIBERTA',388046
TOSCANA,TOSCANA,COALIZIONE DI CENTRO-DESTRA,FRATELLI D'ITALIA,40139
TOSCANA,TOSCANA,COALIZIONE DI CENTRO-DESTRA,LEGA NORD,16213
TOSCANA,TOSCANA,COALIZIONE DI CENTRO-DESTRA,LA DESTRA,12688
TOSCANA,TOSCANA,COALIZIONE DI CENTRO-DESTRA,MIR - MODERATI IN RIVOLUZIONE,2484
TOSCANA,TOSCANA,NO COALIZIONE,MOVIMENTO 5 STELLE BEPPEGRILLO.IT,532699
TOSCANA,TOSCANA,CON MONTI PER L'ITALIA,SCELTA CIVICA CON MONTI PER L'ITALIA,153551
TOSCANA,TOSCANA,CON MONTI PER L'ITALIA,UNIONE DI CENTRO,25673
TOSCANA,TOSCANA,CON MONTI PER L'ITALIA,FUTURO E LIBERTA',7943
TOSCANA,TOSCANA,NO COALIZIONE,RIVOLUZIONE CIVILE,59778
TOSCANA,TOSCANA,NO COALIZIONE,FARE PER FERMARE IL DECLINO,21260
TOSCANA,TOSCANA,NO COALIZIONE,PARTITO COMUNISTA DEI LAVORATORI,15032
TOSCANA,TOSCANA,NO COALIZIONE,FORZA NUOVA,6884
TOSCANA,TOSCANA,NO COALIZIONE,LISTA AMNISTIA GIUSTIZIA LIBERTA',5843
TOSCANA,TOSCANA,NO COALIZIONE,CASAPOUND ITALIA,4519
TOSCANA,TOSCANA,NO COALIZIONE,IO AMO L'ITALIA,3730
UMBRIA,UMBRIA,ITALIA. BENE COMUNE,PARTITO DEMOCRATICO,168726
UMBRIA,UMBRIA,ITALIA. BENE COMUNE,SINISTRA ECOLOGIA LIBERTA',16772
UMBRIA,UMBRIA,ITALIA. BENE COMUNE,CENTRO DEMOCRATICO,1512
UMBRIA,UMBRIA,COALIZIONE DI CENTRO-DESTRA,IL POPOLO DELLA LIBERTA',102329
UMBRIA,UMBRIA,COALIZIONE DI CENTRO-DESTRA,FRATELLI D'ITALIA,14563
UMBRIA,UMBRIA,COALIZIONE DI CENTRO-DESTRA,LA DESTRA,5455
UMBRIA,UMBRIA,COALIZIONE DI CENTRO-DESTRA,LEGA NORD,3081
UMBRIA,UMBRIA,COALIZIONE DI CENTRO-DESTRA,MIR - MODERATI IN RIVOLUZIONE,1285
UMBRIA,UMBRIA,COALIZIONE DI CENTRO-DESTRA,INTESA POPOLARE,792
UMBRIA,UMBRIA,COALIZIONE DI CENTRO-DESTRA,GRANDE SUD - MPA,285
UMBRIA,UMBRIA,NO COALIZIONE,MOVIMENTO 5 STELLE BEPPEGRILLO.IT,142959
UMBRIA,UMBRIA,CON MONTI PER L'ITALIA,SCELTA CIVICA CON MONTI PER L'ITALIA,41366
UMBRIA,UMBRIA,CON MONTI PER L'ITALIA,UNIONE DI CENTRO,6796
UMBRIA,UMBRIA,CON MONTI PER L'ITALIA,FUTURO E LIBERTA',2393
UMBRIA,UMBRIA,NO COALIZIONE,RIVOLUZIONE CIVILE,13306
UMBRIA,UMBRIA,NO COALIZIONE,FARE PER FERMARE IL DECLINO,4327
MARCHE,MARCHE,ITALIA. BENE COMUNE,PARTITO DEMOCRATICO,256886
MARCHE,MARCHE,ITALIA. BENE COMUNE,SINISTRA ECOLOGIA LIBERTA',27744
MARCHE,MARCHE,ITALIA. BENE COMUNE,CENTRO DEMOCRATICO,3572
MARCHE,MARCHE,COALIZIONE DI CENTRO-DESTRA,IL POPOLO DELLA LIBERTA',162480
MARCHE,MARCHE,COALIZIONE DI CENTRO-DESTRA,FRATELLI D'ITALIA,19993
MARCHE,MARCHE,COALIZIONE DI CENTRO-DESTRA,LA DESTRA,6543
MARCHE,MARCHE,COALIZIONE DI CENTRO-DESTRA,LEGA NORD,6405
MARCHE,MARCHE,COALIZIONE DI CENTRO-DESTRA,MIR - MODERATI IN RIVOLUZIONE,1474
MARCHE,MARCHE,NO COALIZIONE,MOVIMENTO 5 STELLE BEPPEGRILLO.IT,298114
MARCHE,MARCHE,CON MONTI PER L'ITALIA,SCELTA CIVICA CON MONTI PER L'ITALIA,78210
MARCHE,MARCHE,CON MONTI PER L'ITALIA,UNIONE DI CENTRO,16737
MARCHE,MARCHE,CON MONTI PER L'ITALIA,FUTURO E LIBERTA',4021
MARCHE,MARCHE,NO COALIZIONE,RIVOLUZIONE CIVILE,20342
MARCHE,MARCHE,NO COALIZIONE,FARE PER FERMARE IL DECLINO,9749
MARCHE,MARCHE,NO COALIZIONE,PARTITO COMUNISTA DEI LAVORATORI,6040
MARCHE,MARCHE,NO COALIZIONE,FORZA NUOVA,3919
MARCHE,MARCHE,NO COALIZIONE,CASAPOUND ITALIA,2127
MARCHE,MARCHE,NO COALIZIONE,IO AMO L'ITALIA,3411
LAZIO 1,LAZIO,ITALIA. BENE COMUNE,PARTITO DEMOCRATICO,656650
LAZIO 1,LAZIO,ITALIA. BENE COMUNE,SINISTRA ECOLOGIA LIBERTA',101017
LAZIO 1,LAZIO,ITALIA. BENE COMUNE,CENTRO DEMOCRATICO,7009
LAZIO 1,LAZIO,COALIZIONE DI CENTRO-DESTRA,IL POPOLO DELLA LIBERTA',498904
LAZIO 1,LAZIO,COALIZIONE DI CENTRO-DESTRA,FRATELLI D'ITALIA,62794
LAZIO 1,LAZIO,COALIZIONE DI CENTRO-DESTRA,LA DESTRA,42638
LAZIO 1,LAZIO,COALIZIONE DI CENTRO-DESTRA,MIR - MODERATI IN RIVOLUZIONE,3211
LAZIO 1,LAZIO,COALIZIONE DI CENTRO-DESTRA,LEGA NORD,3006
LAZIO 1,LAZIO,COALIZIONE DI CENTRO-DESTRA,INTESA POPOLARE,1843
LAZIO 1,LAZIO,COALIZIONE DI CENTRO-DESTRA,GRANDE SUD - MPA,1534
LAZIO 1,LAZIO,NO COALIZIONE,MOVIMENTO 5 STELLE BEPPEGRILLO.IT,689613
LAZIO 1,LAZIO,CON MONTI PER L'ITALIA,SCELTA CIVICA CON MONTI PER L'ITALIA,170925
LAZIO 1,LAZIO,CON MONTI PER L'ITALIA,UNIONE DI CENTRO,31385
LAZIO 1,LAZIO,CON MONTI PER L'ITALIA,FUTURO E LIBERTA',13125
LAZIO 1,LAZIO,NO COALIZIONE,RIVOLUZIONE CIVILE,65547
LAZIO 1,LAZIO,NO COALIZIONE,FARE PER FERMARE IL DECLINO,20363
LAZIO 1,LAZIO,NO COALIZIONE,PARTITO COMUNISTA DEI LAVORATORI,7990
LAZIO 1,LAZIO,NO COALIZIONE,FORZA NUOVA,8288
LAZIO 1,LAZIO,NO COALIZIONE,LISTA AMNISTIA GIUSTIZIA LIBERTA',8333
LAZIO 1,LAZIO,NO COALIZIONE,CASAPOUND ITALIA,12090
LAZIO 1,LAZIO,NO COALIZIONE,FIAMMA TRICOLORE,5734
LAZIO 1,LAZIO,NO COALIZIONE,LIBERALI PER L'ITALIA - PLI,4915
LAZIO 1,LAZIO,NO COALIZIONE,MOVIMENTO PROGETTO ITALIA - MID,2079
LAZIO 1,LAZIO,NO COALIZIONE,UNIONE POP.,1475
LAZIO 1,LAZIO,NO COALIZIONE,STAMINALI D'ITALIA,586
LAZIO 2,LAZIO,ITALIA. BENE COMUNE,PARTITO DEMOCRATICO,196186
LAZIO 2,LAZIO,ITALIA. BENE COMUNE,SINISTRA ECOLOGIA LIBERTA',26762
LAZIO 2,LAZIO,ITALIA. BENE COMUNE,CENTRO DEMOCRATICO,2514
LAZIO 2,LAZIO,COALIZIONE DI CENTRO-DESTRA,IL POPOLO DELLA LIBERTA',257799
LAZIO 2,LAZIO,COALIZIONE DI CENTRO-DESTRA,FRATELLI D'ITALIA,28750
LAZIO 2,LAZIO,COALIZIONE DI CENTRO-DESTRA,LA DESTRA,19047
LAZIO 2,LAZIO,COALIZIONE DI CENTRO-DESTRA,LEGA NORD,2869
LAZIO 2,LAZIO,COALIZIONE DI CENTRO-DESTRA,MIR - MODERATI IN RIVOLUZIONE,2103
LAZIO 2,LAZIO,COALIZIONE DI CENTRO-DESTRA,INTESA POPOLARE,1452
LAZIO 2,LAZIO,NO COALIZIONE,MOVIMENTO 5 STELLE BEPPEGRILLO.IT,240880
LAZIO 2,LAZIO,CON MONTI PER L'ITALIA,SCELTA CIVICA CON MONTI PER L'ITALIA,53660
LAZIO 2,LAZIO,CON MONTI PER L'ITALIA,UNIONE DI CENTRO,18425
LAZIO 2,LAZIO,CON MONTI PER L'ITALIA,FUTURO E LIBERTA',4435
LAZIO 2,LAZIO,NO COALIZIONE,RIVOLUZIONE CIVILE,19384
LAZIO 2,LAZIO,NO COALIZIONE,FARE PER FERMARE IL DECLINO,4456
LAZIO 2,LAZIO,NO COALIZIONE,PARTITO COMUNISTA DEI LAVORATORI,3938
LAZIO 2,LAZIO,NO COALIZIONE,FORZA NUOVA,3105
LAZIO 2,LAZIO,NO COALIZIONE,CASAPOUND ITALIA,4318
LAZIO 2,LAZIO,NO COALIZIONE,FIAMMA TRICOLORE,3599
LAZIO 2,LAZIO,NO COALIZIONE,TUTTI INSIEME PER L'ITALIA,1485
LAZIO 2,LAZIO,NO COALIZIONE,DEMOCRAZIA ATEA,598
ABRUZZO,ABRUZZO,ITALIA. BENE COMUNE,PARTITO DEMOCRATICO,175857
ABRUZZO,ABRUZZO,ITALIA. BENE COMUNE,SINISTRA ECOLOGIA LIBERTA',23817
ABRUZZO,ABRUZZO,ITALIA. BENE COMUNE,CENTRO DEMOCRATICO,4492
ABRUZZO,ABRUZZO,COALIZIONE DI CENTRO-DESTRA,IL POPOLO DELLA LIBERTA',185537
ABRUZZO,ABRUZZO,COALIZIONE DI CENTRO-DESTRA,FRATELLI D'ITALIA,27677
ABRUZZO,ABRUZZO,COALIZIONE DI CENTRO-DESTRA,LA DESTRA,8212
ABRUZZO,ABRUZZO,COALIZIONE DI CENTRO-DESTRA,INTESA POPOLARE,4348
ABRUZZO,ABRUZZO,COALIZIONE DI CENTRO-DESTRA,GRANDE SUD - MPA,2701
ABRUZZO,ABRUZZO,COALIZIONE DI CENTRO-DESTRA,LEGA NORD,1407
ABRUZZO,ABRUZZO,NO COALIZIONE,MOVIMENTO 5 STELLE BEPPEGRILLO.IT,232627
ABRUZZO,ABRUZZO,CON MONTI PER L'ITALIA,SCELTA CIVICA CON MONTI PER L'ITALIA,49777
ABRUZZO,ABRUZZO,CON MONTI PER L'ITALIA,UNIONE DI CENTRO,13654
ABRUZZO,ABRUZZO,CON MONTI PER L'ITALIA,FUTURO E LIBERTA',5701
ABRUZZO,ABRUZZO,NO COALIZIONE,RIVOLUZIONE CIVILE,25770
ABRUZZO,ABRUZZO,NO COALIZIONE,FARE PER FERMARE IL DECLINO,4455
ABRUZZO,ABRUZZO,NO COALIZIONE,PARTITO COMUNISTA DEI LAVORATORI,4023
ABRUZZO,ABRUZZO,NO COALIZIONE,FORZA NUOVA,2959
ABRUZZO,ABRUZZO,NO COALIZIONE,LISTA AMNISTIA GIUSTIZIA LIBERTA',2779
ABRUZZO,ABRUZZO,NO COALIZIONE,CASAPOUND ITALIA,2580
MOLISE,MOLISE,ITALIA. BENE COMUNE,PARTITO DEMOCRATICO,42499
MOLISE,MOLISE,ITALIA. BENE COMUNE,SINISTRA ECOLOGIA LIBERTA',10428
MOLISE,MOLISE,ITALIA. BENE COMUNE,CENTRO DEMOCRATICO,1264
MOLISE,MOLISE,COALIZIONE DI CENTRO-DESTRA,IL POPOLO DELLA LIBERTA',39588
MOLISE,MOLISE,COALIZIONE DI CENTRO-DESTRA,FRATELLI D'ITALIA,11168
MOLISE,MOLISE,COALIZIONE DI CENTRO-DESTRA,LA DESTRA,1882
MOLISE,MOLISE,COALIZIONE DI CENTRO-DESTRA,INTESA POPOLARE,488
MOLISE,MOLISE,COALIZIONE DI CENTRO-DESTRA,LEGA NORD,343
MOLISE,MOLISE,NO COALIZIONE,MOVIMENTO 5 STELLE BEPPEGRILLO.IT,52059
MOLISE,MOLISE,CON MONTI PER L'ITALIA,SCELTA CIVICA CON MONTI PER L'ITALIA,15968
MOLISE,MOLISE,CON MONTI PER L'ITALIA,UNIONE DI CENTRO,3278
MOLISE,MOLISE,CON MONTI PER L'ITALIA,FUTURO E LIBERTA',864
MOLISE,MOLISE,NO COALIZIONE,RIVOLUZIONE CIVILE,6436
MOLISE,MOLISE,NO COALIZIONE,FARE PER FERMARE IL DECLINO,1762
CAMPANIA 1,CAMPANIA,ITALIA. BENE COMUNE,PARTITO DEMOCRATICO,329616
CAMPANIA 1,CAMPANIA,ITALIA. BENE COMUNE,SINISTRA ECOLOGIA LIBERTA',52057
CAMPANIA 1,CAMPANIA,ITALIA. BENE COMUNE,CENTRO DEMOCRATICO,10025
CAMPANIA 1,CAMPANIA,COALIZIONE DI CENTRO-DESTRA,IL POPOLO DELLA LIBERTA',449811
CAMPANIA 1,CAMPANIA,COALIZIONE DI CENTRO-DESTRA,FRATELLI D'ITALIA,32226
CAMPANIA 1,CAMPANIA,COALIZIONE DI CENTRO-DESTRA,GRANDE SUD - MPA,22345
CAMPANIA 1,CAMPANIA,COALIZIONE DI CENTRO-DESTRA,LA DESTRA,8908
CAMPANIA 1,CAMPANIA,COALIZIONE DI CENTRO-DESTRA,PARTITO PENSIONATI,7914
CAMPANIA 1,CAMPANIA,COALIZIONE DI CENTRO-DESTRA,MIR - MODERATI IN RIVOLUZIONE,7297
CAMPANIA 1,CAMPANIA,COALIZIONE DI CENTRO-DESTRA,INTESA POPOLARE,3526
CAMPANIA 1,CAMPANIA,COALIZIONE DI CENTRO-DESTRA,LIBERI PER UNA ITALIA EQUA,3239
CAMPANIA 1,CAMPANIA,COALIZIONE DI CENTRO-DESTRA,LEGA NORD,3188
CAMPANIA 1,CAMPANIA,NO COALIZIONE,MOVIMENTO 5 STELLE BEPPEGRILLO.IT,349682
CAMPANIA 1,CAMPANIA,CON MONTI PER L'ITALIA,SCELTA CIVICA CON MONTI PER L'ITALIA,98260
CAMPANIA 1,CAMPANIA,CON MONTI PER L'ITALIA,UNIONE DI CENTRO,38120
CAMPANIA 1,CAMPANIA,CON MONTI PER L'ITALIA,FUTURO E LIBERTA',14867
CAMPANIA 1,CAMPANIA,NO COALIZIONE,RIVOLUZIONE CIVILE,44764
CAMPANIA 1,CAMPANIA,NO COALIZIONE,FARE PER FERMARE IL DECLINO,3859
CAMPANIA 1,CAMPANIA,NO COALIZIONE,FORZA NUOVA,1776
CAMPANIA 1,CAMPANIA,NO COALIZIONE,LISTA AMNISTIA GIUSTIZIA LIBERTA',6916
CAMPANIA 1,CAMPANIA,NO COALIZIONE,CASAPOUND ITALIA,2822
CAMPANIA 1,CAMPANIA,NO COALIZIONE,FIAMMA TRICOLORE,3874
CAMPANIA 1,CAMPANIA,NO COALIZIONE,IO AMO L'ITALIA,2275
CAMPANIA 1,CAMPANIA,NO COALIZIONE,LIBERALI PER L'ITALIA - PLI,4891
CAMPANIA 1,CAMPANIA,NO COALIZIONE,VOTO DI PROTESTA,6049
CAMPANIA 1,CAMPANIA,NO COALIZIONE,RIFONDAZIONE MISSINA ITALIANA,1325
CAMPANIA 2,CAMPANIA,ITALIA. BENE COMUNE,PARTITO DEMOCRATICO,323557
CAMPANIA 2,CAMPANIA,ITALIA. BENE COMUNE,SINISTRA ECOLOGIA LIBERTA',47256
CAMPANIA 2,CAMPANIA,ITALIA. BENE COMUNE,CENTRO DEMOCRATICO,13611
CAMPANIA 2,CAMPANIA,COALIZIONE DI CENTRO-DESTRA,IL POPOLO DELLA LIBERTA',415312
CAMPANIA 2,CAMPANIA,COALIZIONE DI CENTRO-DESTRA,FRATELLI D'ITALIA,57140
CAMPANIA 2,CAMPANIA,COALIZIONE DI CENTRO-DESTRA,GRANDE SUD - MPA,18807
CAMPANIA 2,CAMPANIA,COALIZIONE DI CENTRO-DESTRA,LA DESTRA,8967
CAMPANIA 2,CAMPANIA,COALIZIONE DI CENTRO-DESTRA,MIR - MODERATI IN RIVOLUZIONE,8446
CAMPANIA 2,CAMPANIA,COALIZIONE DI CENTRO-DESTRA,PARTITO PENSIONATI,6700
CAMPANIA 2,CAMPANIA,COALIZIONE DI CENTRO-DESTRA,LEGA NORD,5636
CAMPANIA 2,CAMPANIA,COALIZIONE DI CENTRO-DESTRA,INTESA POPOLARE,3736
CAMPANIA 2,CAMPANIA,NO COALIZIONE,MOVIMENTO 5 STELLE BEPPEGRILLO.IT,311766
CAMPANIA 2,CAMPANIA,CON MONTI PER L'ITALIA,SCELTA CIVICA CON MONTI PER L'ITALIA,101960
CAMPANIA 2,CAMPANIA,CON MONTI PER L'ITALIA,UNIONE DI CENTRO,69758
CAMPANIA 2,CAMPANIA,CON MONTI PER L'ITALIA,FUTURO E LIBERTA',14686
CAMPANIA 2,CAMPANIA,NO COALIZIONE,RIVOLUZIONE CIVILE,32350
CAMPANIA 2,CAMPANIA,NO COALIZIONE,FARE PER FERMARE IL DECLINO,5919
CAMPANIA 2,CAMPANIA,NO COALIZIONE,FORZA NUOVA,3994
CAMPANIA 2,CAMPANIA,NO COALIZIONE,LISTA AMNISTIA GIUSTIZIA LIBERTA',5473
CAMPANIA 2,CAMPANIA,NO COALIZIONE,CASAPOUND ITALIA,2419
CAMPANIA 2,CAMPANIA,NO COALIZIONE,IO AMO L'ITALIA,3614
CAMPANIA 2,CAMPANIA,NO COALIZIONE,LIBERALI PER L'ITALIA - PLI,5939
CAMPANIA 2,CAMPANIA,NO COALIZIONE,VOTO DI PROTESTA,6694
CAMPANIA 2,CAMPANIA,NO COALIZIONE,RIFONDAZIONE MISSINA ITALIANA,1766
PUGLIA,PUGLIA,ITALIA. BENE COMUNE,PARTITO DEMOCRATICO,407279
PUGLIA,PUGLIA,ITALIA. BENE COMUNE,SINISTRA ECOLOGIA LIBERTA',144465
PUGLIA,PUGLIA,ITALIA. BENE COMUNE,CENTRO DEMOCRATICO,32054
PUGLIA,PUGLIA,COALIZIONE DI CENTRO-DESTRA,IL POPOLO DELLA LIBERTA',637815
PUGLIA,PUGLIA,COALIZIONE DI CENTRO-DESTRA,FRATELLI D'ITALIA,34264
PUGLIA,PUGLIA,COALIZIONE DI CENTRO-DESTRA,GRANDE SUD - MPA,18938
PUGLIA,PUGLIA,COALIZIONE DI CENTRO-DESTRA,LA DESTRA,13791
PUGLIA,PUGLIA,COALIZIONE DI CENTRO-DESTRA,MIR - MODERATI IN RIVOLUZIONE,9680
PUGLIA,PUGLIA,COALIZIONE DI CENTRO-DESTRA,PARTITO PENSIONATI,8867
PUGLIA,PUGLIA,COALIZIONE DI CENTRO-DESTRA,INTESA POPOLARE,2221
PUGLIA,PUGLIA,COALIZIONE DI CENTRO-DESTRA,LEGA NORD,1578
PUGLIA,PUGLIA,NO COALIZIONE,MOVIMENTO 5 STELLE BEPPEGRILLO.IT,562398
PUGLIA,PUGLIA,CON MONTI PER L'ITALIA,SCELTA CIVICA CON MONTI PER L'ITALIA,172307
PUGLIA,PUGLIA,CON MONTI PER L'ITALIA,UNIONE DI CENTRO,45567
PUGLIA,PUGLIA,CON MONTI PER L'ITALIA,FUTURO E LIBERTA',13808
PUGLIA,PUGLIA,NO COALIZIONE,RIVOLUZIONE CIVILE,53790
PUGLIA,PUGLIA,NO COALIZIONE,FARE PER FERMARE IL DECLINO,8448
PUGLIA,PUGLIA,NO COALIZIONE,PARTITO COMUNISTA DEI LAVORATORI,5742
PUGLIA,PUGLIA,NO COALIZIONE,FORZA NUOVA,5128
PUGLIA,PUGLIA,NO COALIZIONE,LISTA AMNISTIA GIUSTIZIA LIBERTA',9366
PUGLIA,PUGLIA,NO COALIZIONE,CASAPOUND ITALIA,3948
PUGLIA,PUGLIA,NO COALIZIONE,FIAMMA TRICOLORE,5140
PUGLIA,PUGLIA,NO COALIZIONE,IO AMO L'ITALIA,2745
PUGLIA,PUGLIA,NO COALIZIONE,RIFORMISTI ITALIANI,1399
PUGLIA,PUGLIA,NO COALIZIONE,PARTITO DI ALTERNATIVA COMUNISTA,5196
BASILICATA,BASILICATA,ITALIA. BENE COMUNE,PARTITO DEMOCRATICO,79631
BASILICATA,BASILICATA,ITALIA. BENE COMUNE,SINISTRA ECOLOGIA LIBERTA',18357
BASILICATA,BASILICATA,ITALIA. BENE COMUNE,CENTRO DEMOCRATICO,8009
BASILICATA,BASILICATA,COALIZIONE DI CENTRO-DESTRA,IL POPOLO DELLA LIBERTA',59171
BASILICATA,BASILICATA,COALIZIONE DI CENTRO-DESTRA,FRATELLI D'ITALIA,7397
BASILICATA,BASILICATA,COALIZIONE DI CENTRO-DESTRA,LA DESTRA,3329
BASILICATA,BASILICATA,COALIZIONE DI CENTRO-DESTRA,GRANDE SUD - MPA,3137
BASILICATA,BASILICATA,COALIZIONE DI CENTRO-DESTRA,MIR - MODERATI IN RIVOLUZIONE,1515
BASILICATA,BASILICATA,COALIZIONE DI CENTRO-DESTRA,INTESA POPOLARE,1473
BASILICATA,BASILICATA,COALIZIONE DI CENTRO-DESTRA,LEGA NORD,382
BASILICATA,BASILICATA,NO COALIZIONE,MOVIMENTO 5 STELLE BEPPEGRILLO.IT,75260
BASILICATA,BASILICATA,CON MONTI PER L'ITALIA,SCELTA CIVICA CON MONTI PER L'ITALIA,24569
BASILICATA,BASILICATA,CON MONTI PER L'ITALIA,UNIONE DI CENTRO,7960
BASILICATA,BASILICATA,CON MONTI PER L'ITALIA,FUTURO E LIBERTA',2399
BASILICATA,BASILICATA,NO COALIZIONE,RIVOLUZIONE CIVILE,7394
BASILICATA,BASILICATA,NO COALIZIONE,FARE PER FERMARE IL DECLINO,1845
BASILICATA,BASILICATA,NO COALIZIONE,PARTITO COMUNISTA DEI LAVORATORI,1720
BASILICATA,BASILICATA,NO COALIZIONE,LISTA AMNISTIA GIUSTIZIA LIBERTA',1308
BASILICATA,BASILICATA,NO COALIZIONE,FIAMMA TRICOLORE,1201
BASILICATA,BASILICATA,NO COALIZIONE,IO AMO L'ITALIA,1087
BASILICATA,BASILICATA,NO COALIZIONE,POPOLARI UNITI,2992
CALABRIA,CALABRIA,ITALIA. BENE COMUNE,PARTITO DEMOCRATICO,209379
CALABRIA,CALABRIA,ITALIA. BENE COMUNE,SINISTRA ECOLOGIA LIBERTA',39129
CALABRIA,CALABRIA,ITALIA. BENE COMUNE,CENTRO DEMOCRATICO,16489
CALABRIA,CALABRIA,COALIZIONE DI CENTRO-DESTRA,IL POPOLO DELLA LIBERTA',222671
CALABRIA,CALABRIA,COALIZIONE DI CENTRO-DESTRA,GRANDE SUD - MPA,28135
CALABRIA,CALABRIA,COALIZIONE DI CENTRO-DESTRA,FRATELLI D'ITALIA,12724
CALABRIA,CALABRIA,COALIZIONE DI CENTRO-DESTRA,LA DESTRA,8303
CALABRIA,CALABRIA,COALIZIONE DI CENTRO-DESTRA,MIR - MODERATI IN RIVOLUZIONE,5459
CALABRIA,CALABRIA,COALIZIONE DI CENTRO-DESTRA,INTESA POPOLARE,3241
CALABRIA,CALABRIA,COALIZIONE DI CENTRO-DESTRA,LEGA NORD,2344
CALABRIA,CALABRIA,NO COALIZIONE,MOVIMENTO 5 STELLE BEPPEGRILLO.IT,232811
CALABRIA,CALABRIA,CON MONTI PER L'ITALIA,SCELTA CIVICA CON MONTI PER L'ITALIA,51726
CALABRIA,CALABRIA,CON MONTI PER L'ITALIA,UNIONE DI CENTRO,38335
CALABRIA,CALABRIA,CON MONTI PER L'ITALIA,FUTURO E LIBERTA',8159
CALABRIA,CALABRIA,NO COALIZIONE,RIVOLUZIONE CIVILE,27272
CALABRIA,CALABRIA,NO COALIZIONE,FARE PER FERMARE IL DECLINO,3160
CALABRIA,CALABRIA,NO COALIZIONE,PARTITO COMUNISTA DEI LAVORATORI,4758
CALABRIA,CALABRIA,NO COALIZIONE,FORZA NUOVA,2424
CALABRIA,CALABRIA,NO COALIZIONE,LISTA AMNISTIA GIUSTIZIA LIBERTA',4598
CALABRIA,CALABRIA,NO COALIZIONE,CASAPOUND ITALIA,1874
CALABRIA,CALABRIA,NO COALIZIONE,FIAMMA TRICOLORE,4322
CALABRIA,CALABRIA,NO COALIZIONE,IO AMO L'ITALIA,2699
CALABRIA,CALABRIA,NO COALIZIONE,LIBERALI PER L'ITALIA - PLI,1957
CALABRIA,CALABRIA,NO COALIZIONE,RIFORMISTI ITALIANI,4611
SICILIA 1,SILICIA,ITALIA. BENE COMUNE,PARTITO DEMOCRATICO,218665
SICILIA 1,SILICIA,ITALIA. BENE COMUNE,SINISTRA ECOLOGIA LIBERTA',24149
SICILIA 1,SILICIA,ITALIA. BENE COMUNE,CENTRO DEMOCRATICO,6550
SICILIA 1,SILICIA,COALIZIONE DI CENTRO-DESTRA,IL POPOLO DELLA LIBERTA',306846
SICILIA 1,SILICIA,COALIZIONE DI CENTRO-DESTRA,GRANDE SUD - MPA,21473
SICILIA 1,SILICIA,COALIZIONE DI CENTRO-DESTRA,FRATELLI D'ITALIA,15303
SICILIA 1,SILICIA,COALIZIONE DI CENTRO-DESTRA,MIR - MODERATI IN RIVOLUZIONE,8009
SICILIA 1,SILICIA,COALIZIONE DI CENTRO-DESTRA,LA DESTRA,6548
SICILIA 1,SILICIA,COALIZIONE DI CENTRO-DESTRA,LEGA NORD,2001
SICILIA 1,SILICIA,NO COALIZIONE,MOVIMENTO 5 STELLE BEPPEGRILLO.IT,404944
SICILIA 1,SILICIA,CON MONTI PER L'ITALIA,SCELTA CIVICA CON MONTI PER L'ITALIA,60671
SICILIA 1,SILICIA,CON MONTI PER L'ITALIA,UNIONE DI CENTRO,31608
SICILIA 1,SILICIA,CON MONTI PER L'ITALIA,FUTURO E LIBERTA',6727
SICILIA 1,SILICIA,NO COALIZIONE,RIVOLUZIONE CIVILE,43145
SICILIA 1,SILICIA,NO COALIZIONE,FARE PER FERMARE IL DECLINO,3697
SICILIA 1,SILICIA,NO COALIZIONE,FORZA NUOVA,2013
SICILIA 1,SILICIA,NO COALIZIONE,LISTA AMNISTIA GIUSTIZIA LIBERTA',6107
SICILIA 1,SILICIA,NO COALIZIONE,LIBERALI PER L'ITALIA - PLI,3712
SICILIA 2,SILICIA,ITALIA. BENE COMUNE,PARTITO DEMOCRATICO,249059
SICILIA 2,SILICIA,ITALIA. BENE COMUNE,SINISTRA ECOLOGIA LIBERTA',27171
SICILIA 2,SILICIA,ITALIA. BENE COMUNE,CENTRO DEMOCRATICO,12526
SICILIA 2,SILICIA,COALIZIONE DI CENTRO-DESTRA,IL POPOLO DELLA LIBERTA',359474
SICILIA 2,SILICIA,COALIZIONE DI CENTRO-DESTRA,GRANDE SUD - MPA,24857
SICILIA 2,SILICIA,COALIZIONE DI CENTRO-DESTRA,FRATELLI D'ITALIA,23800
SICILIA 2,SILICIA,COALIZIONE DI CENTRO-DESTRA,LA DESTRA,10969
SICILIA 2,SILICIA,COALIZIONE DI CENTRO-DESTRA,MIR - MODERATI IN RIVOLUZIONE,4586
SICILIA 2,SILICIA,COALIZIONE DI CENTRO-DESTRA,LEGA NORD,2742
SICILIA 2,SILICIA,NO COALIZIONE,MOVIMENTO 5 STELLE BEPPEGRILLO.IT,438613
SICILIA 2,SILICIA,CON MONTI PER L'ITALIA,SCELTA CIVICA CON MONTI PER L'ITALIA,68724
SICILIA 2,SILICIA,CON MONTI PER L'ITALIA,UNIONE DI CENTRO,39256
SICILIA 2,SILICIA,CON MONTI PER L'ITALIA,FUTURO E LIBERTA',8106
SICILIA 2,SILICIA,NO COALIZIONE,RIVOLUZIONE CIVILE,42231
SICILIA 2,SILICIA,NO COALIZIONE,FARE PER FERMARE IL DECLINO,4940
SICILIA 2,SILICIA,NO COALIZIONE,PARTITO COMUNISTA DEI LAVORATORI,3489
SICILIA 2,SILICIA,NO COALIZIONE,FORZA NUOVA,3222
SICILIA 2,SILICIA,NO COALIZIONE,LISTA AMNISTIA GIUSTIZIA LIBERTA',5930
SICILIA 2,SILICIA,NO COALIZIONE,FIAMMA TRICOLORE,2875
SICILIA 2,SILICIA,NO COALIZIONE,LIBERALI PER L'ITALIA - PLI,3839
SICILIA 2,SILICIA,NO COALIZIONE,PRI,1330
SICILIA 2,SILICIA,NO COALIZIONE,MOVIMENTO PROGETTO ITALIA - MID,1878
SARDEGNA,SARDEGNA,ITALIA. BENE COMUNE,PARTITO DEMOCRATICO,233278
SARDEGNA,SARDEGNA,ITALIA. BENE COMUNE,SINISTRA ECOLOGIA LIBERTA',34098
SARDEGNA,SARDEGNA,ITALIA. BENE COMUNE,CENTRO DEMOCRATICO,5530
SARDEGNA,SARDEGNA,COALIZIONE DI CENTRO-DESTRA,IL POPOLO DELLA LIBERTA',188901
SARDEGNA,SARDEGNA,COALIZIONE DI CENTRO-DESTRA,FRATELLI D'ITALIA,16235
SARDEGNA,SARDEGNA,COALIZIONE DI CENTRO-DESTRA,PARTITO PENSIONATI,4121
SARDEGNA,SARDEGNA,COALIZIONE DI CENTRO-DESTRA,GRANDE SUD - MPA,3753
SARDEGNA,SARDEGNA,COALIZIONE DI CENTRO-DESTRA,LA DESTRA,3460
SARDEGNA,SARDEGNA,COALIZIONE DI CENTRO-DESTRA,MIR - MODERATI IN RIVOLUZIONE,1508
SARDEGNA,SARDEGNA,COALIZIONE DI CENTRO-DESTRA,LEGA NORD,1330
SARDEGNA,SARDEGNA,NO COALIZIONE,MOVIMENTO 5 STELLE BEPPEGRILLO.IT,275241
SARDEGNA,SARDEGNA,CON MONTI PER L'ITALIA,SCELTA CIVICA CON MONTI PER L'ITALIA,55891
SARDEGNA,SARDEGNA,CON MONTI PER L'ITALIA,UNIONE DI CENTRO,25696
SARDEGNA,SARDEGNA,CON MONTI PER L'ITALIA,FUTURO E LIBERTA',5494
SARDEGNA,SARDEGNA,NO COALIZIONE,RIVOLUZIONE CIVILE,25895
SARDEGNA,SARDEGNA,NO COALIZIONE,FARE PER FERMARE IL DECLINO,3759
SARDEGNA,SARDEGNA,NO COALIZIONE,PARTITO COMUNISTA DEI LAVORATORI,3170
SARDEGNA,SARDEGNA,NO COALIZIONE,FORZA NUOVA,1658
SARDEGNA,SARDEGNA,NO COALIZIONE,LISTA AMNISTIA GIUSTIZIA LIBERTA',2105
SARDEGNA,SARDEGNA,NO COALIZIONE,LIBERALI PER L'ITALIA - PLI,2711
SARDEGNA,SARDEGNA,NO COALIZIONE,PS D'AZ.,18592
SARDEGNA,SARDEGNA,NO COALIZIONE,INDIPENDENZA PER LA SARDEGNA,7471
SARDEGNA,SARDEGNA,NO COALIZIONE,MERIS,5897